{
  "ndcg@1": 0.9517132841120178,
  "map@1": 0.7375122428991185,
  "ndcg@3": 0.9017591075042088,
  "map@3": 0.9082598759386222,
  "ndcg@5": 0.8890046650987999,
  "map@5": 0.8761426705843943,
  "ndcg@10": 0.8994090819660651,
  "map@10": 0.8548204016978794,
  "spearman": 0.5056110091287753,
  "rmse": 6.5143730045210955
}