{
  "ndcg@1": 0.8619798128584871,
  "map@1": 0.4152791380999021,
  "ndcg@3": 0.8560192242018718,
  "map@3": 0.7656709108716944,
  "ndcg@5": 0.860670614753646,
  "map@5": 0.7929385678528675,
  "ndcg@10": 0.8827622240886387,
  "map@10": 0.8308381205258976,
  "spearman": 0.48774287924935045,
  "rmse": 6.584713744468303
}